Feature,Feature Value,SHAP Value,Absolute Value,Category
imeisv,8642840500000000.0,-241625028838059.5,241625028838059.5,other
dl_bitrate_11,5670591.0,-82840.10147725296,82840.10147725296,dl_bitrate
dl_bitrate_30,5590756.0,56591.73175224519,56591.73175224519,dl_bitrate
dl_bitrate_43,5539553.0,49136.18665195019,49136.18665195019,dl_bitrate
dl_bitrate_107,5412697.0,43365.13646123604,43365.13646123604,dl_bitrate
dl_bitrate_88,5436896.0,37739.58474455106,37739.58474455106,dl_bitrate
dl_bitrate_63,5640564.0,33654.654518275915,33654.654518275915,dl_bitrate
dl_total_bytes_non_incr_36,2637147.0,33312.64693607515,33312.64693607515,dl_total_bytes_non_incr
dl_total_bytes_non_incr_101,3321230.0,24203.25912780475,24203.25912780475,dl_total_bytes_non_incr
dl_bitrate_85,2570835.0,18512.34375,18512.34375,dl_bitrate
indice,6985.0,0.0,0.0,other
dl_bitrate_1,2240270.0,0.0,0.0,dl_bitrate
ul_bitrate_1,848779.0,0.0,0.0,ul_bitrate
cell_x_dl_retx_1,-1.0,0.0,0.0,cell_x_dl_retx
cell_x_dl_tx_1,-1.0,0.0,0.0,cell_x_dl_tx
cell_x_ul_retx_1,-1.0,0.0,0.0,cell_x_ul_retx
cell_x_ul_tx_1,-1.0,0.0,0.0,cell_x_ul_tx
ul_total_bytes_non_incr_1,498932.0,0.0,0.0,ul_total_bytes_non_incr
dl_total_bytes_non_incr_1,1346272.0,0.0,0.0,dl_total_bytes_non_incr
dl_bitrate_2,3139450.0,0.0,0.0,dl_bitrate
ul_bitrate_2,791309.0,0.0,0.0,ul_bitrate
cell_x_dl_retx_2,-1.0,0.0,0.0,cell_x_dl_retx
cell_x_dl_tx_2,-1.0,0.0,0.0,cell_x_dl_tx
cell_x_ul_retx_2,-1.0,0.0,0.0,cell_x_ul_retx
cell_x_ul_tx_2,-1.0,0.0,0.0,cell_x_ul_tx
ul_total_bytes_non_incr_2,450624.0,0.0,0.0,ul_total_bytes_non_incr
dl_total_bytes_non_incr_2,1828842.0,0.0,0.0,dl_total_bytes_non_incr
dl_bitrate_3,2899059.0,0.0,0.0,dl_bitrate
ul_bitrate_3,142004.0,0.0,0.0,ul_bitrate
cell_x_dl_retx_3,-1.0,0.0,0.0,cell_x_dl_retx
cell_x_dl_tx_3,-1.0,0.0,0.0,cell_x_dl_tx
cell_x_ul_retx_3,-1.0,0.0,0.0,cell_x_ul_retx
cell_x_ul_tx_3,-1.0,0.0,0.0,cell_x_ul_tx
ul_total_bytes_non_incr_3,72393.0,0.0,0.0,ul_total_bytes_non_incr
dl_total_bytes_non_incr_3,2000080.0,0.0,0.0,dl_total_bytes_non_incr
dl_bitrate_4,2253676.0,0.0,0.0,dl_bitrate
ul_bitrate_4,137910.0,0.0,0.0,ul_bitrate
cell_x_dl_retx_4,-1.0,0.0,0.0,cell_x_dl_retx
cell_x_dl_tx_4,-1.0,0.0,0.0,cell_x_dl_tx
cell_x_ul_retx_4,-1.0,0.0,0.0,cell_x_ul_retx
cell_x_ul_tx_4,-1.0,0.0,0.0,cell_x_ul_tx
ul_total_bytes_non_incr_4,67738.0,0.0,0.0,ul_total_bytes_non_incr
dl_total_bytes_non_incr_4,1383336.0,0.0,0.0,dl_total_bytes_non_incr
dl_bitrate_5,5584788.0,0.0,0.0,dl_bitrate
ul_bitrate_5,715834.0,0.0,0.0,ul_bitrate
cell_x_dl_retx_5,-1.0,0.0,0.0,cell_x_dl_retx
cell_x_dl_tx_5,-1.0,0.0,0.0,cell_x_dl_tx
cell_x_ul_retx_5,-1.0,0.0,0.0,cell_x_ul_retx
cell_x_ul_tx_5,-1.0,0.0,0.0,cell_x_ul_tx
ul_total_bytes_non_incr_5,411054.0,0.0,0.0,ul_total_bytes_non_incr
dl_total_bytes_non_incr_5,3478814.0,0.0,0.0,dl_total_bytes_non_incr
dl_bitrate_6,2114525.0,0.0,0.0,dl_bitrate
ul_bitrate_6,893724.0,0.0,0.0,ul_bitrate
cell_x_dl_retx_6,-1.0,0.0,0.0,cell_x_dl_retx
cell_x_dl_tx_6,-1.0,0.0,0.0,cell_x_dl_tx
cell_x_ul_retx_6,-1.0,0.0,0.0,cell_x_ul_retx
cell_x_ul_tx_6,-1.0,0.0,0.0,cell_x_ul_tx
ul_total_bytes_non_incr_6,515573.0,0.0,0.0,ul_total_bytes_non_incr
dl_total_bytes_non_incr_6,1346045.0,0.0,0.0,dl_total_bytes_non_incr
dl_bitrate_7,1929770.0,0.0,0.0,dl_bitrate
ul_bitrate_7,797408.0,0.0,0.0,ul_bitrate
cell_x_dl_retx_7,-1.0,0.0,0.0,cell_x_dl_retx
cell_x_dl_tx_7,-1.0,0.0,0.0,cell_x_dl_tx
cell_x_ul_retx_7,-1.0,0.0,0.0,cell_x_ul_retx
cell_x_ul_tx_7,-1.0,0.0,0.0,cell_x_ul_tx
ul_total_bytes_non_incr_7,472852.0,0.0,0.0,ul_total_bytes_non_incr
dl_total_bytes_non_incr_7,1159125.0,0.0,0.0,dl_total_bytes_non_incr
dl_bitrate_8,1898534.0,0.0,0.0,dl_bitrate
ul_bitrate_8,749404.0,0.0,0.0,ul_bitrate
cell_x_dl_retx_8,-1.0,0.0,0.0,cell_x_dl_retx
cell_x_dl_tx_8,-1.0,0.0,0.0,cell_x_dl_tx
cell_x_ul_retx_8,-1.0,0.0,0.0,cell_x_ul_retx
cell_x_ul_tx_8,-1.0,0.0,0.0,cell_x_ul_tx
ul_total_bytes_non_incr_8,446530.0,0.0,0.0,ul_total_bytes_non_incr
dl_total_bytes_non_incr_8,1191154.0,0.0,0.0,dl_total_bytes_non_incr
dl_bitrate_9,3821719.0,0.0,0.0,dl_bitrate
ul_bitrate_9,297434.0,0.0,0.0,ul_bitrate
cell_x_dl_retx_9,-1.0,0.0,0.0,cell_x_dl_retx
cell_x_dl_tx_9,-1.0,0.0,0.0,cell_x_dl_tx
cell_x_ul_retx_9,-1.0,0.0,0.0,cell_x_ul_retx
cell_x_ul_tx_9,-1.0,0.0,0.0,cell_x_ul_tx
ul_total_bytes_non_incr_9,164748.0,0.0,0.0,ul_total_bytes_non_incr
dl_total_bytes_non_incr_9,2401062.0,0.0,0.0,dl_total_bytes_non_incr
dl_bitrate_10,2255598.0,0.0,0.0,dl_bitrate
ul_bitrate_10,137295.0,0.0,0.0,ul_bitrate
cell_x_dl_retx_10,-1.0,0.0,0.0,cell_x_dl_retx
cell_x_dl_tx_10,-1.0,0.0,0.0,cell_x_dl_tx
cell_x_ul_retx_10,-1.0,0.0,0.0,cell_x_ul_retx
cell_x_ul_tx_10,-1.0,0.0,0.0,cell_x_ul_tx
ul_total_bytes_non_incr_10,67733.0,0.0,0.0,ul_total_bytes_non_incr
dl_total_bytes_non_incr_10,1413664.0,0.0,0.0,dl_total_bytes_non_incr
ul_bitrate_11,487232.0,0.0,0.0,ul_bitrate
cell_x_dl_retx_11,-1.0,0.0,0.0,cell_x_dl_retx
cell_x_dl_tx_11,-1.0,0.0,0.0,cell_x_dl_tx
cell_x_ul_retx_11,-1.0,0.0,0.0,cell_x_ul_retx
cell_x_ul_tx_11,-1.0,0.0,0.0,cell_x_ul_tx
ul_total_bytes_non_incr_11,269027.0,0.0,0.0,ul_total_bytes_non_incr
dl_total_bytes_non_incr_11,3531626.0,0.0,0.0,dl_total_bytes_non_incr
dl_bitrate_12,2502562.0,0.0,0.0,dl_bitrate
ul_bitrate_12,1088132.0,0.0,0.0,ul_bitrate
cell_x_dl_retx_12,-1.0,0.0,0.0,cell_x_dl_retx
cell_x_dl_tx_12,-1.0,0.0,0.0,cell_x_dl_tx
cell_x_ul_retx_12,-1.0,0.0,0.0,cell_x_ul_retx
cell_x_ul_tx_12,-1.0,0.0,0.0,cell_x_ul_tx
ul_total_bytes_non_incr_12,605857.0,0.0,0.0,ul_total_bytes_non_incr
dl_total_bytes_non_incr_12,1555406.0,0.0,0.0,dl_total_bytes_non_incr
dl_bitrate_13,2271104.0,0.0,0.0,dl_bitrate
ul_bitrate_13,867563.0,0.0,0.0,ul_bitrate
cell_x_dl_retx_13,-1.0,0.0,0.0,cell_x_dl_retx
cell_x_dl_tx_13,-1.0,0.0,0.0,cell_x_dl_tx
cell_x_ul_retx_13,-1.0,0.0,0.0,cell_x_ul_retx
cell_x_ul_tx_13,-1.0,0.0,0.0,cell_x_ul_tx
ul_total_bytes_non_incr_13,503454.0,0.0,0.0,ul_total_bytes_non_incr
dl_total_bytes_non_incr_13,1387270.0,0.0,0.0,dl_total_bytes_non_incr
dl_bitrate_14,1883178.0,0.0,0.0,dl_bitrate
ul_bitrate_14,769939.0,0.0,0.0,ul_bitrate
cell_x_dl_retx_14,-1.0,0.0,0.0,cell_x_dl_retx
cell_x_dl_tx_14,-1.0,0.0,0.0,cell_x_dl_tx
cell_x_ul_retx_14,-1.0,0.0,0.0,cell_x_ul_retx
cell_x_ul_tx_14,-1.0,0.0,0.0,cell_x_ul_tx
ul_total_bytes_non_incr_14,449280.0,0.0,0.0,ul_total_bytes_non_incr
dl_total_bytes_non_incr_14,1212120.0,0.0,0.0,dl_total_bytes_non_incr
dl_bitrate_15,3667609.0,0.0,0.0,dl_bitrate
ul_bitrate_15,345821.0,0.0,0.0,ul_bitrate
cell_x_dl_retx_15,-1.0,0.0,0.0,cell_x_dl_retx
cell_x_dl_tx_15,-1.0,0.0,0.0,cell_x_dl_tx
cell_x_ul_retx_15,-1.0,0.0,0.0,cell_x_ul_retx
cell_x_ul_tx_15,-1.0,0.0,0.0,cell_x_ul_tx
ul_total_bytes_non_incr_15,203176.0,0.0,0.0,ul_total_bytes_non_incr
dl_total_bytes_non_incr_15,2276295.0,0.0,0.0,dl_total_bytes_non_incr
dl_bitrate_16,2231440.0,0.0,0.0,dl_bitrate
ul_bitrate_16,139669.0,0.0,0.0,ul_bitrate
cell_x_dl_retx_16,-1.0,0.0,0.0,cell_x_dl_retx
cell_x_dl_tx_16,-1.0,0.0,0.0,cell_x_dl_tx
cell_x_ul_retx_16,-1.0,0.0,0.0,cell_x_ul_retx
cell_x_ul_tx_16,-1.0,0.0,0.0,cell_x_ul_tx
ul_total_bytes_non_incr_16,68072.0,0.0,0.0,ul_total_bytes_non_incr
dl_total_bytes_non_incr_16,1403363.0,0.0,0.0,dl_total_bytes_non_incr
dl_bitrate_17,5613304.0,0.0,0.0,dl_bitrate
ul_bitrate_17,343799.0,0.0,0.0,ul_bitrate
cell_x_dl_retx_17,-1.0,0.0,0.0,cell_x_dl_retx
cell_x_dl_tx_17,-1.0,0.0,0.0,cell_x_dl_tx
cell_x_ul_retx_17,-1.0,0.0,0.0,cell_x_ul_retx
cell_x_ul_tx_17,-1.0,0.0,0.0,cell_x_ul_tx
ul_total_bytes_non_incr_17,176599.0,0.0,0.0,ul_total_bytes_non_incr
dl_total_bytes_non_incr_17,3535790.0,0.0,0.0,dl_total_bytes_non_incr
dl_bitrate_18,2106534.0,0.0,0.0,dl_bitrate
ul_bitrate_18,836990.0,0.0,0.0,ul_bitrate
cell_x_dl_retx_18,-1.0,0.0,0.0,cell_x_dl_retx
cell_x_dl_tx_18,-1.0,0.0,0.0,cell_x_dl_tx
cell_x_ul_retx_18,-1.0,0.0,0.0,cell_x_ul_retx
cell_x_ul_tx_18,-1.0,0.0,0.0,cell_x_ul_tx
ul_total_bytes_non_incr_18,494933.0,0.0,0.0,ul_total_bytes_non_incr
dl_total_bytes_non_incr_18,1301088.0,0.0,0.0,dl_total_bytes_non_incr
dl_bitrate_19,1872009.0,0.0,0.0,dl_bitrate
ul_bitrate_19,758767.0,0.0,0.0,ul_bitrate
cell_x_dl_retx_19,-1.0,0.0,0.0,cell_x_dl_retx
cell_x_dl_tx_19,-1.0,0.0,0.0,cell_x_dl_tx
cell_x_ul_retx_19,-1.0,0.0,0.0,cell_x_ul_retx
cell_x_ul_tx_19,-1.0,0.0,0.0,cell_x_ul_tx
ul_total_bytes_non_incr_19,443152.0,0.0,0.0,ul_total_bytes_non_incr
dl_total_bytes_non_incr_19,1156956.0,0.0,0.0,dl_total_bytes_non_incr
dl_bitrate_20,1879075.0,0.0,0.0,dl_bitrate
ul_bitrate_20,809713.0,0.0,0.0,ul_bitrate
cell_x_dl_retx_20,-1.0,0.0,0.0,cell_x_dl_retx
cell_x_dl_tx_20,-1.0,0.0,0.0,cell_x_dl_tx
cell_x_ul_retx_20,-1.0,0.0,0.0,cell_x_ul_retx
cell_x_ul_tx_20,-1.0,0.0,0.0,cell_x_ul_tx
ul_total_bytes_non_incr_20,484616.0,0.0,0.0,ul_total_bytes_non_incr
dl_total_bytes_non_incr_20,1159141.0,0.0,0.0,dl_total_bytes_non_incr
dl_bitrate_21,2841741.0,0.0,0.0,dl_bitrate
ul_bitrate_21,675750.0,0.0,0.0,ul_bitrate
cell_x_dl_retx_21,-1.0,0.0,0.0,cell_x_dl_retx
cell_x_dl_tx_21,-1.0,0.0,0.0,cell_x_dl_tx
cell_x_ul_retx_21,-1.0,0.0,0.0,cell_x_ul_retx
cell_x_ul_tx_21,-1.0,0.0,0.0,cell_x_ul_tx
ul_total_bytes_non_incr_21,404584.0,0.0,0.0,ul_total_bytes_non_incr
dl_total_bytes_non_incr_21,1638669.0,0.0,0.0,dl_total_bytes_non_incr
dl_bitrate_22,3167251.0,0.0,0.0,dl_bitrate
ul_bitrate_22,139964.0,0.0,0.0,ul_bitrate
cell_x_dl_retx_22,-1.0,0.0,0.0,cell_x_dl_retx
cell_x_dl_tx_22,-1.0,0.0,0.0,cell_x_dl_tx
cell_x_ul_retx_22,-1.0,0.0,0.0,cell_x_ul_retx
cell_x_ul_tx_22,-1.0,0.0,0.0,cell_x_ul_tx
ul_total_bytes_non_incr_22,68885.0,0.0,0.0,ul_total_bytes_non_incr
dl_total_bytes_non_incr_22,2104708.0,0.0,0.0,dl_total_bytes_non_incr
dl_bitrate_23,2273317.0,0.0,0.0,dl_bitrate
ul_bitrate_23,141161.0,0.0,0.0,ul_bitrate
cell_x_dl_retx_23,-1.0,0.0,0.0,cell_x_dl_retx
cell_x_dl_tx_23,-1.0,0.0,0.0,cell_x_dl_tx
cell_x_ul_retx_23,-1.0,0.0,0.0,cell_x_ul_retx
cell_x_ul_tx_23,-1.0,0.0,0.0,cell_x_ul_tx
ul_total_bytes_non_incr_23,68567.0,0.0,0.0,ul_total_bytes_non_incr
dl_total_bytes_non_incr_23,1394341.0,0.0,0.0,dl_total_bytes_non_incr
dl_bitrate_24,5310609.0,0.0,0.0,dl_bitrate
ul_bitrate_24,668685.0,0.0,0.0,ul_bitrate
cell_x_dl_retx_24,-1.0,0.0,0.0,cell_x_dl_retx
cell_x_dl_tx_24,-1.0,0.0,0.0,cell_x_dl_tx
cell_x_ul_retx_24,-1.0,0.0,0.0,cell_x_ul_retx
cell_x_ul_tx_24,-1.0,0.0,0.0,cell_x_ul_tx
ul_total_bytes_non_incr_24,387616.0,0.0,0.0,ul_total_bytes_non_incr
dl_total_bytes_non_incr_24,3358054.0,0.0,0.0,dl_total_bytes_non_incr
dl_bitrate_25,1875414.0,0.0,0.0,dl_bitrate
ul_bitrate_25,774290.0,0.0,0.0,ul_bitrate
cell_x_dl_retx_25,-1.0,0.0,0.0,cell_x_dl_retx
cell_x_dl_tx_25,-1.0,0.0,0.0,cell_x_dl_tx
cell_x_ul_retx_25,-1.0,0.0,0.0,cell_x_ul_retx
cell_x_ul_tx_25,-1.0,0.0,0.0,cell_x_ul_tx
ul_total_bytes_non_incr_25,450232.0,0.0,0.0,ul_total_bytes_non_incr
dl_total_bytes_non_incr_25,1158612.0,0.0,0.0,dl_total_bytes_non_incr
dl_bitrate_26,1878605.0,0.0,0.0,dl_bitrate
ul_bitrate_26,743551.0,0.0,0.0,ul_bitrate
cell_x_dl_retx_26,-1.0,0.0,0.0,cell_x_dl_retx
cell_x_dl_tx_26,-1.0,0.0,0.0,cell_x_dl_tx
cell_x_ul_retx_26,-1.0,0.0,0.0,cell_x_ul_retx
cell_x_ul_tx_26,-1.0,0.0,0.0,cell_x_ul_tx
ul_total_bytes_non_incr_26,445268.0,0.0,0.0,ul_total_bytes_non_incr
dl_total_bytes_non_incr_26,1155796.0,0.0,0.0,dl_total_bytes_non_incr
dl_bitrate_27,1873788.0,0.0,0.0,dl_bitrate
ul_bitrate_27,738713.0,0.0,0.0,ul_bitrate
cell_x_dl_retx_27,-1.0,0.0,0.0,cell_x_dl_retx
cell_x_dl_tx_27,-1.0,0.0,0.0,cell_x_dl_tx
cell_x_ul_retx_27,-1.0,0.0,0.0,cell_x_ul_retx
cell_x_ul_tx_27,-1.0,0.0,0.0,cell_x_ul_tx
ul_total_bytes_non_incr_27,439216.0,0.0,0.0,ul_total_bytes_non_incr
dl_total_bytes_non_incr_27,1156428.0,0.0,0.0,dl_total_bytes_non_incr
dl_bitrate_28,3651528.0,0.0,0.0,dl_bitrate
ul_bitrate_28,444867.0,0.0,0.0,ul_bitrate
cell_x_dl_retx_28,-1.0,0.0,0.0,cell_x_dl_retx
cell_x_dl_tx_28,-1.0,0.0,0.0,cell_x_dl_tx
cell_x_ul_retx_28,-1.0,0.0,0.0,cell_x_ul_retx
cell_x_ul_tx_28,-1.0,0.0,0.0,cell_x_ul_tx
ul_total_bytes_non_incr_28,261163.0,0.0,0.0,ul_total_bytes_non_incr
dl_total_bytes_non_incr_28,2255181.0,0.0,0.0,dl_total_bytes_non_incr
dl_bitrate_29,2250779.0,0.0,0.0,dl_bitrate
ul_bitrate_29,140372.0,0.0,0.0,ul_bitrate
cell_x_dl_retx_29,-1.0,0.0,0.0,cell_x_dl_retx
cell_x_dl_tx_29,-1.0,0.0,0.0,cell_x_dl_tx
cell_x_ul_retx_29,-1.0,0.0,0.0,cell_x_ul_retx
cell_x_ul_tx_29,-1.0,0.0,0.0,cell_x_ul_tx
ul_total_bytes_non_incr_29,68964.0,0.0,0.0,ul_total_bytes_non_incr
dl_total_bytes_non_incr_29,1415084.0,0.0,0.0,dl_total_bytes_non_incr
ul_bitrate_30,234964.0,0.0,0.0,ul_bitrate
cell_x_dl_retx_30,-1.0,0.0,0.0,cell_x_dl_retx
cell_x_dl_tx_30,-1.0,0.0,0.0,cell_x_dl_tx
cell_x_ul_retx_30,-1.0,0.0,0.0,cell_x_ul_retx
cell_x_ul_tx_30,-1.0,0.0,0.0,cell_x_ul_tx
ul_total_bytes_non_incr_30,120588.0,0.0,0.0,ul_total_bytes_non_incr
dl_total_bytes_non_incr_30,3531715.0,0.0,0.0,dl_total_bytes_non_incr
dl_bitrate_31,2101581.0,0.0,0.0,dl_bitrate
ul_bitrate_31,814922.0,0.0,0.0,ul_bitrate
cell_x_dl_retx_31,-1.0,0.0,0.0,cell_x_dl_retx
cell_x_dl_tx_31,-1.0,0.0,0.0,cell_x_dl_tx
cell_x_ul_retx_31,-1.0,0.0,0.0,cell_x_ul_retx
cell_x_ul_tx_31,-1.0,0.0,0.0,cell_x_ul_tx
ul_total_bytes_non_incr_31,477777.0,0.0,0.0,ul_total_bytes_non_incr
dl_total_bytes_non_incr_31,1299332.0,0.0,0.0,dl_total_bytes_non_incr
dl_bitrate_32,2106247.0,0.0,0.0,dl_bitrate
ul_bitrate_32,875502.0,0.0,0.0,ul_bitrate
cell_x_dl_retx_32,-1.0,0.0,0.0,cell_x_dl_retx
cell_x_dl_tx_32,-1.0,0.0,0.0,cell_x_dl_tx
cell_x_ul_retx_32,-1.0,0.0,0.0,cell_x_ul_retx
cell_x_ul_tx_32,-1.0,0.0,0.0,cell_x_ul_tx
ul_total_bytes_non_incr_32,500469.0,0.0,0.0,ul_total_bytes_non_incr
dl_total_bytes_non_incr_32,1302104.0,0.0,0.0,dl_total_bytes_non_incr
dl_bitrate_33,2330000.0,0.0,0.0,dl_bitrate
ul_bitrate_33,916776.0,0.0,0.0,ul_bitrate
cell_x_dl_retx_33,-1.0,0.0,0.0,cell_x_dl_retx
cell_x_dl_tx_33,-1.0,0.0,0.0,cell_x_dl_tx
cell_x_ul_retx_33,-1.0,0.0,0.0,cell_x_ul_retx
cell_x_ul_tx_33,-1.0,0.0,0.0,cell_x_ul_tx
ul_total_bytes_non_incr_33,519582.0,0.0,0.0,ul_total_bytes_non_incr
dl_total_bytes_non_incr_33,1358339.0,0.0,0.0,dl_total_bytes_non_incr
dl_bitrate_34,3829332.0,0.0,0.0,dl_bitrate
ul_bitrate_34,714056.0,0.0,0.0,ul_bitrate
cell_x_dl_retx_34,-1.0,0.0,0.0,cell_x_dl_retx
cell_x_dl_tx_34,-1.0,0.0,0.0,cell_x_dl_tx
cell_x_ul_retx_34,-1.0,0.0,0.0,cell_x_ul_retx
cell_x_ul_tx_34,-1.0,0.0,0.0,cell_x_ul_tx
ul_total_bytes_non_incr_34,406821.0,0.0,0.0,ul_total_bytes_non_incr
dl_total_bytes_non_incr_34,2474490.0,0.0,0.0,dl_total_bytes_non_incr
dl_bitrate_35,2249430.0,0.0,0.0,dl_bitrate
ul_bitrate_35,138311.0,0.0,0.0,ul_bitrate
cell_x_dl_retx_35,-1.0,0.0,0.0,cell_x_dl_retx
cell_x_dl_tx_35,-1.0,0.0,0.0,cell_x_dl_tx
cell_x_ul_retx_35,-1.0,0.0,0.0,cell_x_ul_retx
cell_x_ul_tx_35,-1.0,0.0,0.0,cell_x_ul_tx
ul_total_bytes_non_incr_35,67478.0,0.0,0.0,ul_total_bytes_non_incr
dl_total_bytes_non_incr_35,1384140.0,0.0,0.0,dl_total_bytes_non_incr
dl_bitrate_36,4400912.0,0.0,0.0,dl_bitrate
ul_bitrate_36,157871.0,0.0,0.0,ul_bitrate
cell_x_dl_retx_36,-1.0,0.0,0.0,cell_x_dl_retx
cell_x_dl_tx_36,-1.0,0.0,0.0,cell_x_dl_tx
cell_x_ul_retx_36,-1.0,0.0,0.0,cell_x_ul_retx
cell_x_ul_tx_36,-1.0,0.0,0.0,cell_x_ul_tx
ul_total_bytes_non_incr_36,77499.0,0.0,0.0,ul_total_bytes_non_incr
dl_bitrate_37,3148006.0,0.0,0.0,dl_bitrate
ul_bitrate_37,729437.0,0.0,0.0,ul_bitrate
cell_x_dl_retx_37,-1.0,0.0,0.0,cell_x_dl_retx
cell_x_dl_tx_37,-1.0,0.0,0.0,cell_x_dl_tx
cell_x_ul_retx_37,-1.0,0.0,0.0,cell_x_ul_retx
cell_x_ul_tx_37,-1.0,0.0,0.0,cell_x_ul_tx
ul_total_bytes_non_incr_37,425110.0,0.0,0.0,ul_total_bytes_non_incr
dl_total_bytes_non_incr_37,2105888.0,0.0,0.0,dl_total_bytes_non_incr
dl_bitrate_38,1959105.0,0.0,0.0,dl_bitrate
ul_bitrate_38,769797.0,0.0,0.0,ul_bitrate
cell_x_dl_retx_38,-1.0,0.0,0.0,cell_x_dl_retx
cell_x_dl_tx_38,-1.0,0.0,0.0,cell_x_dl_tx
cell_x_ul_retx_38,-1.0,0.0,0.0,cell_x_ul_retx
cell_x_ul_tx_38,-1.0,0.0,0.0,cell_x_ul_tx
ul_total_bytes_non_incr_38,461910.0,0.0,0.0,ul_total_bytes_non_incr
dl_total_bytes_non_incr_38,1193219.0,0.0,0.0,dl_total_bytes_non_incr
dl_bitrate_39,2023438.0,0.0,0.0,dl_bitrate
ul_bitrate_39,748977.0,0.0,0.0,ul_bitrate
cell_x_dl_retx_39,-1.0,0.0,0.0,cell_x_dl_retx
cell_x_dl_tx_39,-1.0,0.0,0.0,cell_x_dl_tx
cell_x_ul_retx_39,-1.0,0.0,0.0,cell_x_ul_retx
cell_x_ul_tx_39,-1.0,0.0,0.0,cell_x_ul_tx
ul_total_bytes_non_incr_39,443259.0,0.0,0.0,ul_total_bytes_non_incr
dl_total_bytes_non_incr_39,1178448.0,0.0,0.0,dl_total_bytes_non_incr
dl_bitrate_40,1876845.0,0.0,0.0,dl_bitrate
ul_bitrate_40,779923.0,0.0,0.0,ul_bitrate
cell_x_dl_retx_40,-1.0,0.0,0.0,cell_x_dl_retx
cell_x_dl_tx_40,-1.0,0.0,0.0,cell_x_dl_tx
cell_x_ul_retx_40,-1.0,0.0,0.0,cell_x_ul_retx
cell_x_ul_tx_40,-1.0,0.0,0.0,cell_x_ul_tx
ul_total_bytes_non_incr_40,452672.0,0.0,0.0,ul_total_bytes_non_incr
dl_total_bytes_non_incr_40,1242256.0,0.0,0.0,dl_total_bytes_non_incr
dl_bitrate_41,3701579.0,0.0,0.0,dl_bitrate
ul_bitrate_41,339276.0,0.0,0.0,ul_bitrate
cell_x_dl_retx_41,-1.0,0.0,0.0,cell_x_dl_retx
cell_x_dl_tx_41,-1.0,0.0,0.0,cell_x_dl_tx
cell_x_ul_retx_41,-1.0,0.0,0.0,cell_x_ul_retx
cell_x_ul_tx_41,-1.0,0.0,0.0,cell_x_ul_tx
ul_total_bytes_non_incr_41,197102.0,0.0,0.0,ul_total_bytes_non_incr
dl_total_bytes_non_incr_41,2307678.0,0.0,0.0,dl_total_bytes_non_incr
dl_bitrate_42,2266883.0,0.0,0.0,dl_bitrate
ul_bitrate_42,140837.0,0.0,0.0,ul_bitrate
cell_x_dl_retx_42,-1.0,0.0,0.0,cell_x_dl_retx
cell_x_dl_tx_42,-1.0,0.0,0.0,cell_x_dl_tx
cell_x_ul_retx_42,-1.0,0.0,0.0,cell_x_ul_retx
cell_x_ul_tx_42,-1.0,0.0,0.0,cell_x_ul_tx
ul_total_bytes_non_incr_42,68565.0,0.0,0.0,ul_total_bytes_non_incr
dl_total_bytes_non_incr_42,1416764.0,0.0,0.0,dl_total_bytes_non_incr
ul_bitrate_43,392135.0,0.0,0.0,ul_bitrate
cell_x_dl_retx_43,-1.0,0.0,0.0,cell_x_dl_retx
cell_x_dl_tx_43,-1.0,0.0,0.0,cell_x_dl_tx
cell_x_ul_retx_43,-1.0,0.0,0.0,cell_x_ul_retx
cell_x_ul_tx_43,-1.0,0.0,0.0,cell_x_ul_tx
ul_total_bytes_non_incr_43,213700.0,0.0,0.0,ul_total_bytes_non_incr
dl_total_bytes_non_incr_43,3487259.0,0.0,0.0,dl_total_bytes_non_incr
dl_bitrate_44,2107451.0,0.0,0.0,dl_bitrate
ul_bitrate_44,860975.0,0.0,0.0,ul_bitrate
cell_x_dl_retx_44,-1.0,0.0,0.0,cell_x_dl_retx
cell_x_dl_tx_44,-1.0,0.0,0.0,cell_x_dl_tx
cell_x_ul_retx_44,-1.0,0.0,0.0,cell_x_ul_retx
cell_x_ul_tx_44,-1.0,0.0,0.0,cell_x_ul_tx
ul_total_bytes_non_incr_44,498729.0,0.0,0.0,ul_total_bytes_non_incr
dl_total_bytes_non_incr_44,1302332.0,0.0,0.0,dl_total_bytes_non_incr
dl_bitrate_45,1956275.0,0.0,0.0,dl_bitrate
ul_bitrate_45,759235.0,0.0,0.0,ul_bitrate
cell_x_dl_retx_45,-1.0,0.0,0.0,cell_x_dl_retx
cell_x_dl_tx_45,-1.0,0.0,0.0,cell_x_dl_tx
cell_x_ul_retx_45,-1.0,0.0,0.0,cell_x_ul_retx
cell_x_ul_tx_45,-1.0,0.0,0.0,cell_x_ul_tx
ul_total_bytes_non_incr_45,455582.0,0.0,0.0,ul_total_bytes_non_incr
dl_total_bytes_non_incr_45,1193283.0,0.0,0.0,dl_total_bytes_non_incr
dl_bitrate_46,1886370.0,0.0,0.0,dl_bitrate
ul_bitrate_46,756500.0,0.0,0.0,ul_bitrate
cell_x_dl_retx_46,-1.0,0.0,0.0,cell_x_dl_retx
cell_x_dl_tx_46,-1.0,0.0,0.0,cell_x_dl_tx
cell_x_ul_retx_46,-1.0,0.0,0.0,cell_x_ul_retx
cell_x_ul_tx_46,-1.0,0.0,0.0,cell_x_ul_tx
ul_total_bytes_non_incr_46,445056.0,0.0,0.0,ul_total_bytes_non_incr
dl_total_bytes_non_incr_46,1156468.0,0.0,0.0,dl_total_bytes_non_incr
dl_bitrate_47,2285958.0,0.0,0.0,dl_bitrate
ul_bitrate_47,663227.0,0.0,0.0,ul_bitrate
cell_x_dl_retx_47,-1.0,0.0,0.0,cell_x_dl_retx
cell_x_dl_tx_47,-1.0,0.0,0.0,cell_x_dl_tx
cell_x_ul_retx_47,-1.0,0.0,0.0,cell_x_ul_retx
cell_x_ul_tx_47,-1.0,0.0,0.0,cell_x_ul_tx
ul_total_bytes_non_incr_47,394694.0,0.0,0.0,ul_total_bytes_non_incr
dl_total_bytes_non_incr_47,1353090.0,0.0,0.0,dl_total_bytes_non_incr
dl_bitrate_48,3434931.0,0.0,0.0,dl_bitrate
ul_bitrate_48,136826.0,0.0,0.0,ul_bitrate
cell_x_dl_retx_48,-1.0,0.0,0.0,cell_x_dl_retx
cell_x_dl_tx_48,-1.0,0.0,0.0,cell_x_dl_tx
cell_x_ul_retx_48,-1.0,0.0,0.0,cell_x_ul_retx
cell_x_ul_tx_48,-1.0,0.0,0.0,cell_x_ul_tx
ul_total_bytes_non_incr_48,66654.0,0.0,0.0,ul_total_bytes_non_incr
dl_total_bytes_non_incr_48,2231792.0,0.0,0.0,dl_total_bytes_non_incr
dl_bitrate_49,2283629.0,0.0,0.0,dl_bitrate
ul_bitrate_49,140132.0,0.0,0.0,ul_bitrate
cell_x_dl_retx_49,-1.0,0.0,0.0,cell_x_dl_retx
cell_x_dl_tx_49,-1.0,0.0,0.0,cell_x_dl_tx
cell_x_ul_retx_49,-1.0,0.0,0.0,cell_x_ul_retx
cell_x_ul_tx_49,-1.0,0.0,0.0,cell_x_ul_tx
ul_total_bytes_non_incr_49,68483.0,0.0,0.0,ul_total_bytes_non_incr
dl_total_bytes_non_incr_49,1394417.0,0.0,0.0,dl_total_bytes_non_incr
dl_bitrate_50,5300189.0,0.0,0.0,dl_bitrate
ul_bitrate_50,590361.0,0.0,0.0,ul_bitrate
cell_x_dl_retx_50,-1.0,0.0,0.0,cell_x_dl_retx
cell_x_dl_tx_50,-1.0,0.0,0.0,cell_x_dl_tx
cell_x_ul_retx_50,-1.0,0.0,0.0,cell_x_ul_retx
cell_x_ul_tx_50,-1.0,0.0,0.0,cell_x_ul_tx
ul_total_bytes_non_incr_50,337223.0,0.0,0.0,ul_total_bytes_non_incr
dl_total_bytes_non_incr_50,3354546.0,0.0,0.0,dl_total_bytes_non_incr
dl_bitrate_51,1871951.0,0.0,0.0,dl_bitrate
ul_bitrate_51,747139.0,0.0,0.0,ul_bitrate
cell_x_dl_retx_51,-1.0,0.0,0.0,cell_x_dl_retx
cell_x_dl_tx_51,-1.0,0.0,0.0,cell_x_dl_tx
cell_x_ul_retx_51,-1.0,0.0,0.0,cell_x_ul_retx
cell_x_ul_tx_51,-1.0,0.0,0.0,cell_x_ul_tx
ul_total_bytes_non_incr_51,445336.0,0.0,0.0,ul_total_bytes_non_incr
dl_total_bytes_non_incr_51,1156648.0,0.0,0.0,dl_total_bytes_non_incr
dl_bitrate_52,1883039.0,0.0,0.0,dl_bitrate
ul_bitrate_52,770922.0,0.0,0.0,ul_bitrate
cell_x_dl_retx_52,-1.0,0.0,0.0,cell_x_dl_retx
cell_x_dl_tx_52,-1.0,0.0,0.0,cell_x_dl_tx
cell_x_ul_retx_52,-1.0,0.0,0.0,cell_x_ul_retx
cell_x_ul_tx_52,-1.0,0.0,0.0,cell_x_ul_tx
ul_total_bytes_non_incr_52,456628.0,0.0,0.0,ul_total_bytes_non_incr
dl_total_bytes_non_incr_52,1158857.0,0.0,0.0,dl_total_bytes_non_incr
dl_bitrate_53,2306973.0,0.0,0.0,dl_bitrate
ul_bitrate_53,873952.0,0.0,0.0,ul_bitrate
cell_x_dl_retx_53,-1.0,0.0,0.0,cell_x_dl_retx
cell_x_dl_tx_53,-1.0,0.0,0.0,cell_x_dl_tx
cell_x_ul_retx_53,-1.0,0.0,0.0,cell_x_ul_retx
cell_x_ul_tx_53,-1.0,0.0,0.0,cell_x_ul_tx
ul_total_bytes_non_incr_53,503194.0,0.0,0.0,ul_total_bytes_non_incr
dl_total_bytes_non_incr_53,1381302.0,0.0,0.0,dl_total_bytes_non_incr
dl_bitrate_54,3800938.0,0.0,0.0,dl_bitrate
ul_bitrate_54,473049.0,0.0,0.0,ul_bitrate
cell_x_dl_retx_54,-1.0,0.0,0.0,cell_x_dl_retx
cell_x_dl_tx_54,-1.0,0.0,0.0,cell_x_dl_tx
cell_x_ul_retx_54,-1.0,0.0,0.0,cell_x_ul_retx
cell_x_ul_tx_54,-1.0,0.0,0.0,cell_x_ul_tx
ul_total_bytes_non_incr_54,255978.0,0.0,0.0,ul_total_bytes_non_incr
dl_total_bytes_non_incr_54,2407526.0,0.0,0.0,dl_total_bytes_non_incr
dl_bitrate_55,2260914.0,0.0,0.0,dl_bitrate
ul_bitrate_55,142168.0,0.0,0.0,ul_bitrate
cell_x_dl_retx_55,-1.0,0.0,0.0,cell_x_dl_retx
cell_x_dl_tx_55,-1.0,0.0,0.0,cell_x_dl_tx
cell_x_ul_retx_55,-1.0,0.0,0.0,cell_x_ul_retx
cell_x_ul_tx_55,-1.0,0.0,0.0,cell_x_ul_tx
ul_total_bytes_non_incr_55,68557.0,0.0,0.0,ul_total_bytes_non_incr
dl_total_bytes_non_incr_55,1395449.0,0.0,0.0,dl_total_bytes_non_incr
dl_bitrate_56,5471844.0,0.0,0.0,dl_bitrate
ul_bitrate_56,294198.0,0.0,0.0,ul_bitrate
cell_x_dl_retx_56,-1.0,0.0,0.0,cell_x_dl_retx
cell_x_dl_tx_56,-1.0,0.0,0.0,cell_x_dl_tx
cell_x_ul_retx_56,-1.0,0.0,0.0,cell_x_ul_retx
cell_x_ul_tx_56,-1.0,0.0,0.0,cell_x_ul_tx
ul_total_bytes_non_incr_56,152588.0,0.0,0.0,ul_total_bytes_non_incr
dl_total_bytes_non_incr_56,3469434.0,0.0,0.0,dl_total_bytes_non_incr
dl_bitrate_57,1930080.0,0.0,0.0,dl_bitrate
ul_bitrate_57,762342.0,0.0,0.0,ul_bitrate
cell_x_dl_retx_57,-1.0,0.0,0.0,cell_x_dl_retx
cell_x_dl_tx_57,-1.0,0.0,0.0,cell_x_dl_tx
cell_x_ul_retx_57,-1.0,0.0,0.0,cell_x_ul_retx
cell_x_ul_tx_57,-1.0,0.0,0.0,cell_x_ul_tx
ul_total_bytes_non_incr_57,457460.0,0.0,0.0,ul_total_bytes_non_incr
dl_total_bytes_non_incr_57,1158313.0,0.0,0.0,dl_total_bytes_non_incr
dl_bitrate_58,1814869.0,0.0,0.0,dl_bitrate
ul_bitrate_58,724309.0,0.0,0.0,ul_bitrate
cell_x_dl_retx_58,-1.0,0.0,0.0,cell_x_dl_retx
cell_x_dl_tx_58,-1.0,0.0,0.0,cell_x_dl_tx
cell_x_ul_retx_58,-1.0,0.0,0.0,cell_x_ul_retx
cell_x_ul_tx_58,-1.0,0.0,0.0,cell_x_ul_tx
ul_total_bytes_non_incr_58,425688.0,0.0,0.0,ul_total_bytes_non_incr
dl_total_bytes_non_incr_58,1154831.0,0.0,0.0,dl_total_bytes_non_incr
dl_bitrate_59,1873898.0,0.0,0.0,dl_bitrate
ul_bitrate_59,724665.0,0.0,0.0,ul_bitrate
cell_x_dl_retx_59,-1.0,0.0,0.0,cell_x_dl_retx
cell_x_dl_tx_59,-1.0,0.0,0.0,cell_x_dl_tx
cell_x_ul_retx_59,-1.0,0.0,0.0,cell_x_ul_retx
cell_x_ul_tx_59,-1.0,0.0,0.0,cell_x_ul_tx
ul_total_bytes_non_incr_59,430756.0,0.0,0.0,ul_total_bytes_non_incr
dl_total_bytes_non_incr_59,1156560.0,0.0,0.0,dl_total_bytes_non_incr
dl_bitrate_60,2110493.0,0.0,0.0,dl_bitrate
ul_bitrate_60,875310.0,0.0,0.0,ul_bitrate
cell_x_dl_retx_60,-1.0,0.0,0.0,cell_x_dl_retx
cell_x_dl_tx_60,-1.0,0.0,0.0,cell_x_dl_tx
cell_x_ul_retx_60,-1.0,0.0,0.0,cell_x_ul_retx
cell_x_ul_tx_60,-1.0,0.0,0.0,cell_x_ul_tx
ul_total_bytes_non_incr_60,500229.0,0.0,0.0,ul_total_bytes_non_incr
dl_total_bytes_non_incr_60,1301664.0,0.0,0.0,dl_total_bytes_non_incr
dl_bitrate_61,3837067.0,0.0,0.0,dl_bitrate
ul_bitrate_61,170771.0,0.0,0.0,ul_bitrate
cell_x_dl_retx_61,-1.0,0.0,0.0,cell_x_dl_retx
cell_x_dl_tx_61,-1.0,0.0,0.0,cell_x_dl_tx
cell_x_ul_retx_61,-1.0,0.0,0.0,cell_x_ul_retx
cell_x_ul_tx_61,-1.0,0.0,0.0,cell_x_ul_tx
ul_total_bytes_non_incr_61,97294.0,0.0,0.0,ul_total_bytes_non_incr
dl_total_bytes_non_incr_61,2390986.0,0.0,0.0,dl_total_bytes_non_incr
dl_bitrate_62,2287574.0,0.0,0.0,dl_bitrate
ul_bitrate_62,140422.0,0.0,0.0,ul_bitrate
cell_x_dl_retx_62,-1.0,0.0,0.0,cell_x_dl_retx
cell_x_dl_tx_62,-1.0,0.0,0.0,cell_x_dl_tx
cell_x_ul_retx_62,-1.0,0.0,0.0,cell_x_ul_retx
cell_x_ul_tx_62,-1.0,0.0,0.0,cell_x_ul_tx
ul_total_bytes_non_incr_62,68444.0,0.0,0.0,ul_total_bytes_non_incr
dl_total_bytes_non_incr_62,1404551.0,0.0,0.0,dl_total_bytes_non_incr
ul_bitrate_63,625553.0,0.0,0.0,ul_bitrate
cell_x_dl_retx_63,-1.0,0.0,0.0,cell_x_dl_retx
cell_x_dl_tx_63,-1.0,0.0,0.0,cell_x_dl_tx
cell_x_ul_retx_63,-1.0,0.0,0.0,cell_x_ul_retx
cell_x_ul_tx_63,-1.0,0.0,0.0,cell_x_ul_tx
ul_total_bytes_non_incr_63,339298.0,0.0,0.0,ul_total_bytes_non_incr
dl_total_bytes_non_incr_63,3567099.0,0.0,0.0,dl_total_bytes_non_incr
dl_bitrate_64,2338658.0,0.0,0.0,dl_bitrate
ul_bitrate_64,962147.0,0.0,0.0,ul_bitrate
cell_x_dl_retx_64,-1.0,0.0,0.0,cell_x_dl_retx
cell_x_dl_tx_64,-1.0,0.0,0.0,cell_x_dl_tx
cell_x_ul_retx_64,-1.0,0.0,0.0,cell_x_ul_retx
cell_x_ul_tx_64,-1.0,0.0,0.0,cell_x_ul_tx
ul_total_bytes_non_incr_64,100.0,0.0,0.0,ul_total_bytes_non_incr
dl_total_bytes_non_incr_64,92.0,0.0,0.0,dl_total_bytes_non_incr
dl_bitrate_65,2110754.0,0.0,0.0,dl_bitrate
ul_bitrate_65,872903.0,0.0,0.0,ul_bitrate
cell_x_dl_retx_65,-1.0,0.0,0.0,cell_x_dl_retx
cell_x_dl_tx_65,-1.0,0.0,0.0,cell_x_dl_tx
cell_x_ul_retx_65,-1.0,0.0,0.0,cell_x_ul_retx
cell_x_ul_tx_65,-1.0,0.0,0.0,cell_x_ul_tx
ul_total_bytes_non_incr_65,510993.0,0.0,0.0,ul_total_bytes_non_incr
dl_total_bytes_non_incr_65,1302880.0,0.0,0.0,dl_total_bytes_non_incr
dl_bitrate_66,2100557.0,0.0,0.0,dl_bitrate
ul_bitrate_66,855288.0,0.0,0.0,ul_bitrate
cell_x_dl_retx_66,-1.0,0.0,0.0,cell_x_dl_retx
cell_x_dl_tx_66,-1.0,0.0,0.0,cell_x_dl_tx
cell_x_ul_retx_66,-1.0,0.0,0.0,cell_x_ul_retx
cell_x_ul_tx_66,-1.0,0.0,0.0,cell_x_ul_tx
ul_total_bytes_non_incr_66,498201.0,0.0,0.0,ul_total_bytes_non_incr
dl_total_bytes_non_incr_66,1301860.0,0.0,0.0,dl_total_bytes_non_incr
dl_bitrate_67,3901602.0,0.0,0.0,dl_bitrate
ul_bitrate_67,233348.0,0.0,0.0,ul_bitrate
cell_x_dl_retx_67,-1.0,0.0,0.0,cell_x_dl_retx
cell_x_dl_tx_67,-1.0,0.0,0.0,cell_x_dl_tx
cell_x_ul_retx_67,-1.0,0.0,0.0,cell_x_ul_retx
cell_x_ul_tx_67,-1.0,0.0,0.0,cell_x_ul_tx
ul_total_bytes_non_incr_67,135413.0,0.0,0.0,ul_total_bytes_non_incr
dl_total_bytes_non_incr_67,2427777.0,0.0,0.0,dl_total_bytes_non_incr
dl_bitrate_68,2264786.0,0.0,0.0,dl_bitrate
ul_bitrate_68,141928.0,0.0,0.0,ul_bitrate
cell_x_dl_retx_68,-1.0,0.0,0.0,cell_x_dl_retx
cell_x_dl_tx_68,-1.0,0.0,0.0,cell_x_dl_tx
cell_x_ul_retx_68,-1.0,0.0,0.0,cell_x_ul_retx
cell_x_ul_tx_68,-1.0,0.0,0.0,cell_x_ul_tx
ul_total_bytes_non_incr_68,68609.0,0.0,0.0,ul_total_bytes_non_incr
dl_total_bytes_non_incr_68,1416272.0,0.0,0.0,dl_total_bytes_non_incr
dl_bitrate_69,5414707.0,0.0,0.0,dl_bitrate
ul_bitrate_69,458462.0,0.0,0.0,ul_bitrate
cell_x_dl_retx_69,-1.0,0.0,0.0,cell_x_dl_retx
cell_x_dl_tx_69,-1.0,0.0,0.0,cell_x_dl_tx
cell_x_ul_retx_69,-1.0,0.0,0.0,cell_x_ul_retx
cell_x_ul_tx_69,-1.0,0.0,0.0,cell_x_ul_tx
ul_total_bytes_non_incr_69,261215.0,0.0,0.0,ul_total_bytes_non_incr
dl_total_bytes_non_incr_69,3408642.0,0.0,0.0,dl_total_bytes_non_incr
dl_bitrate_70,2042541.0,0.0,0.0,dl_bitrate
ul_bitrate_70,775293.0,0.0,0.0,ul_bitrate
cell_x_dl_retx_70,-1.0,0.0,0.0,cell_x_dl_retx
cell_x_dl_tx_70,-1.0,0.0,0.0,cell_x_dl_tx
cell_x_ul_retx_70,-1.0,0.0,0.0,cell_x_ul_retx
cell_x_ul_tx_70,-1.0,0.0,0.0,cell_x_ul_tx
ul_total_bytes_non_incr_70,445867.0,0.0,0.0,ul_total_bytes_non_incr
dl_total_bytes_non_incr_70,1263672.0,0.0,0.0,dl_total_bytes_non_incr
dl_bitrate_71,1877402.0,0.0,0.0,dl_bitrate
ul_bitrate_71,770029.0,0.0,0.0,ul_bitrate
cell_x_dl_retx_71,-1.0,0.0,0.0,cell_x_dl_retx
cell_x_dl_tx_71,-1.0,0.0,0.0,cell_x_dl_tx
cell_x_ul_retx_71,-1.0,0.0,0.0,cell_x_ul_retx
cell_x_ul_tx_71,-1.0,0.0,0.0,cell_x_ul_tx
ul_total_bytes_non_incr_71,460264.0,0.0,0.0,ul_total_bytes_non_incr
dl_total_bytes_non_incr_71,1158069.0,0.0,0.0,dl_total_bytes_non_incr
dl_bitrate_72,1959869.0,0.0,0.0,dl_bitrate
ul_bitrate_72,823784.0,0.0,0.0,ul_bitrate
cell_x_dl_retx_72,-1.0,0.0,0.0,cell_x_dl_retx
cell_x_dl_tx_72,-1.0,0.0,0.0,cell_x_dl_tx
cell_x_ul_retx_72,-1.0,0.0,0.0,cell_x_ul_retx
cell_x_ul_tx_72,-1.0,0.0,0.0,cell_x_ul_tx
ul_total_bytes_non_incr_72,479474.0,0.0,0.0,ul_total_bytes_non_incr
dl_total_bytes_non_incr_72,1193187.0,0.0,0.0,dl_total_bytes_non_incr
dl_bitrate_73,3771155.0,0.0,0.0,dl_bitrate
ul_bitrate_73,606872.0,0.0,0.0,ul_bitrate
cell_x_dl_retx_73,-1.0,0.0,0.0,cell_x_dl_retx
cell_x_dl_tx_73,-1.0,0.0,0.0,cell_x_dl_tx
cell_x_ul_retx_73,-1.0,0.0,0.0,cell_x_ul_retx
cell_x_ul_tx_73,-1.0,0.0,0.0,cell_x_ul_tx
ul_total_bytes_non_incr_73,350854.0,0.0,0.0,ul_total_bytes_non_incr
dl_total_bytes_non_incr_73,2377142.0,0.0,0.0,dl_total_bytes_non_incr
dl_bitrate_74,2283695.0,0.0,0.0,dl_bitrate
ul_bitrate_74,139341.0,0.0,0.0,ul_bitrate
cell_x_dl_retx_74,-1.0,0.0,0.0,cell_x_dl_retx
cell_x_dl_tx_74,-1.0,0.0,0.0,cell_x_dl_tx
cell_x_ul_retx_74,-1.0,0.0,0.0,cell_x_ul_retx
cell_x_ul_tx_74,-1.0,0.0,0.0,cell_x_ul_tx
ul_total_bytes_non_incr_74,68449.0,0.0,0.0,ul_total_bytes_non_incr
dl_total_bytes_non_incr_74,1416908.0,0.0,0.0,dl_total_bytes_non_incr
dl_bitrate_75,4911035.0,0.0,0.0,dl_bitrate
ul_bitrate_75,151679.0,0.0,0.0,ul_bitrate
cell_x_dl_retx_75,-1.0,0.0,0.0,cell_x_dl_retx
cell_x_dl_tx_75,-1.0,0.0,0.0,cell_x_dl_tx
cell_x_ul_retx_75,-1.0,0.0,0.0,cell_x_ul_retx
cell_x_ul_tx_75,-1.0,0.0,0.0,cell_x_ul_tx
ul_total_bytes_non_incr_75,75521.0,0.0,0.0,ul_total_bytes_non_incr
dl_total_bytes_non_incr_75,3016047.0,0.0,0.0,dl_total_bytes_non_incr
dl_bitrate_76,2557794.0,0.0,0.0,dl_bitrate
ul_bitrate_76,737031.0,0.0,0.0,ul_bitrate
cell_x_dl_retx_76,-1.0,0.0,0.0,cell_x_dl_retx
cell_x_dl_tx_76,-1.0,0.0,0.0,cell_x_dl_tx
cell_x_ul_retx_76,-1.0,0.0,0.0,cell_x_ul_retx
cell_x_ul_tx_76,-1.0,0.0,0.0,cell_x_ul_tx
ul_total_bytes_non_incr_76,427122.0,0.0,0.0,ul_total_bytes_non_incr
dl_total_bytes_non_incr_76,1665216.0,0.0,0.0,dl_total_bytes_non_incr
dl_bitrate_77,1932130.0,0.0,0.0,dl_bitrate
ul_bitrate_77,761824.0,0.0,0.0,ul_bitrate
cell_x_dl_retx_77,-1.0,0.0,0.0,cell_x_dl_retx
cell_x_dl_tx_77,-1.0,0.0,0.0,cell_x_dl_tx
cell_x_ul_retx_77,-1.0,0.0,0.0,cell_x_ul_retx
cell_x_ul_tx_77,-1.0,0.0,0.0,cell_x_ul_tx
ul_total_bytes_non_incr_77,456408.0,0.0,0.0,ul_total_bytes_non_incr
dl_total_bytes_non_incr_77,1158065.0,0.0,0.0,dl_total_bytes_non_incr
dl_bitrate_78,2049387.0,0.0,0.0,dl_bitrate
ul_bitrate_78,804731.0,0.0,0.0,ul_bitrate
cell_x_dl_retx_78,-1.0,0.0,0.0,cell_x_dl_retx
cell_x_dl_tx_78,-1.0,0.0,0.0,cell_x_dl_tx
cell_x_ul_retx_78,-1.0,0.0,0.0,cell_x_ul_retx
cell_x_ul_tx_78,-1.0,0.0,0.0,cell_x_ul_tx
ul_total_bytes_non_incr_78,466401.0,0.0,0.0,ul_total_bytes_non_incr
dl_total_bytes_non_incr_78,1299203.0,0.0,0.0,dl_total_bytes_non_incr
dl_bitrate_79,2112258.0,0.0,0.0,dl_bitrate
ul_bitrate_79,870950.0,0.0,0.0,ul_bitrate
cell_x_dl_retx_79,-1.0,0.0,0.0,cell_x_dl_retx
cell_x_dl_tx_79,-1.0,0.0,0.0,cell_x_dl_tx
cell_x_ul_retx_79,-1.0,0.0,0.0,cell_x_ul_retx
cell_x_ul_tx_79,-1.0,0.0,0.0,cell_x_ul_tx
ul_total_bytes_non_incr_79,506525.0,0.0,0.0,ul_total_bytes_non_incr
dl_total_bytes_non_incr_79,1301400.0,0.0,0.0,dl_total_bytes_non_incr
dl_bitrate_80,3800303.0,0.0,0.0,dl_bitrate
ul_bitrate_80,242245.0,0.0,0.0,ul_bitrate
cell_x_dl_retx_80,-1.0,0.0,0.0,cell_x_dl_retx
cell_x_dl_tx_80,-1.0,0.0,0.0,cell_x_dl_tx
cell_x_ul_retx_80,-1.0,0.0,0.0,cell_x_ul_retx
cell_x_ul_tx_80,-1.0,0.0,0.0,cell_x_ul_tx
ul_total_bytes_non_incr_80,132382.0,0.0,0.0,ul_total_bytes_non_incr
dl_total_bytes_non_incr_80,2382229.0,0.0,0.0,dl_total_bytes_non_incr
dl_bitrate_81,2249798.0,0.0,0.0,dl_bitrate
ul_bitrate_81,138752.0,0.0,0.0,ul_bitrate
cell_x_dl_retx_81,-1.0,0.0,0.0,cell_x_dl_retx
cell_x_dl_tx_81,-1.0,0.0,0.0,cell_x_dl_tx
cell_x_ul_retx_81,-1.0,0.0,0.0,cell_x_ul_retx
cell_x_ul_tx_81,-1.0,0.0,0.0,cell_x_ul_tx
ul_total_bytes_non_incr_81,68154.0,0.0,0.0,ul_total_bytes_non_incr
dl_total_bytes_non_incr_81,1383144.0,0.0,0.0,dl_total_bytes_non_incr
dl_bitrate_82,5431383.0,0.0,0.0,dl_bitrate
ul_bitrate_82,458516.0,0.0,0.0,ul_bitrate
cell_x_dl_retx_82,-1.0,0.0,0.0,cell_x_dl_retx
cell_x_dl_tx_82,-1.0,0.0,0.0,cell_x_dl_tx
cell_x_ul_retx_82,-1.0,0.0,0.0,cell_x_ul_retx
cell_x_ul_tx_82,-1.0,0.0,0.0,cell_x_ul_tx
ul_total_bytes_non_incr_82,252683.0,0.0,0.0,ul_total_bytes_non_incr
dl_total_bytes_non_incr_82,3433547.0,0.0,0.0,dl_total_bytes_non_incr
dl_bitrate_83,1957196.0,0.0,0.0,dl_bitrate
ul_bitrate_83,777152.0,0.0,0.0,ul_bitrate
cell_x_dl_retx_83,-1.0,0.0,0.0,cell_x_dl_retx
cell_x_dl_tx_83,-1.0,0.0,0.0,cell_x_dl_tx
cell_x_ul_retx_83,-1.0,0.0,0.0,cell_x_ul_retx
cell_x_ul_tx_83,-1.0,0.0,0.0,cell_x_ul_tx
ul_total_bytes_non_incr_83,463230.0,0.0,0.0,ul_total_bytes_non_incr
dl_total_bytes_non_incr_83,1192427.0,0.0,0.0,dl_total_bytes_non_incr
dl_bitrate_84,2257868.0,0.0,0.0,dl_bitrate
ul_bitrate_84,938612.0,0.0,0.0,ul_bitrate
cell_x_dl_retx_84,-1.0,0.0,0.0,cell_x_dl_retx
cell_x_dl_tx_84,-1.0,0.0,0.0,cell_x_dl_tx
cell_x_ul_retx_84,-1.0,0.0,0.0,cell_x_ul_retx
cell_x_ul_tx_84,-1.0,0.0,0.0,cell_x_ul_tx
ul_total_bytes_non_incr_84,532216.0,0.0,0.0,ul_total_bytes_non_incr
dl_total_bytes_non_incr_84,1409833.0,0.0,0.0,dl_total_bytes_non_incr
ul_bitrate_85,1072109.0,0.0,0.0,ul_bitrate
cell_x_dl_retx_85,-1.0,0.0,0.0,cell_x_dl_retx
cell_x_dl_tx_85,-1.0,0.0,0.0,cell_x_dl_tx
cell_x_ul_retx_85,-1.0,0.0,0.0,cell_x_ul_retx
cell_x_ul_tx_85,-1.0,0.0,0.0,cell_x_ul_tx
ul_total_bytes_non_incr_85,592107.0,0.0,0.0,ul_total_bytes_non_incr
dl_total_bytes_non_incr_85,1589504.0,0.0,0.0,dl_total_bytes_non_incr
dl_bitrate_86,3836427.0,0.0,0.0,dl_bitrate
ul_bitrate_86,340338.0,0.0,0.0,ul_bitrate
cell_x_dl_retx_86,-1.0,0.0,0.0,cell_x_dl_retx
cell_x_dl_tx_86,-1.0,0.0,0.0,cell_x_dl_tx
cell_x_ul_retx_86,-1.0,0.0,0.0,cell_x_ul_retx
cell_x_ul_tx_86,-1.0,0.0,0.0,cell_x_ul_tx
ul_total_bytes_non_incr_86,193381.0,0.0,0.0,ul_total_bytes_non_incr
dl_total_bytes_non_incr_86,2379842.0,0.0,0.0,dl_total_bytes_non_incr
dl_bitrate_87,2251521.0,0.0,0.0,dl_bitrate
ul_bitrate_87,140769.0,0.0,0.0,ul_bitrate
cell_x_dl_retx_87,-1.0,0.0,0.0,cell_x_dl_retx
cell_x_dl_tx_87,-1.0,0.0,0.0,cell_x_dl_tx
cell_x_ul_retx_87,-1.0,0.0,0.0,cell_x_ul_retx
cell_x_ul_tx_87,-1.0,0.0,0.0,cell_x_ul_tx
ul_total_bytes_non_incr_87,68600.0,0.0,0.0,ul_total_bytes_non_incr
dl_total_bytes_non_incr_87,1403499.0,0.0,0.0,dl_total_bytes_non_incr
ul_bitrate_88,381590.0,0.0,0.0,ul_bitrate
cell_x_dl_retx_88,-1.0,0.0,0.0,cell_x_dl_retx
cell_x_dl_tx_88,-1.0,0.0,0.0,cell_x_dl_tx
cell_x_ul_retx_88,-1.0,0.0,0.0,cell_x_ul_retx
cell_x_ul_tx_88,-1.0,0.0,0.0,cell_x_ul_tx
ul_total_bytes_non_incr_88,209854.0,0.0,0.0,ul_total_bytes_non_incr
dl_total_bytes_non_incr_88,3427755.0,0.0,0.0,dl_total_bytes_non_incr
dl_bitrate_89,1925937.0,0.0,0.0,dl_bitrate
ul_bitrate_89,769522.0,0.0,0.0,ul_bitrate
cell_x_dl_retx_89,-1.0,0.0,0.0,cell_x_dl_retx
cell_x_dl_tx_89,-1.0,0.0,0.0,cell_x_dl_tx
cell_x_ul_retx_89,-1.0,0.0,0.0,cell_x_ul_retx
cell_x_ul_tx_89,-1.0,0.0,0.0,cell_x_ul_tx
ul_total_bytes_non_incr_89,449350.0,0.0,0.0,ul_total_bytes_non_incr
dl_total_bytes_non_incr_89,1192507.0,0.0,0.0,dl_total_bytes_non_incr
dl_bitrate_90,2047001.0,0.0,0.0,dl_bitrate
ul_bitrate_90,762387.0,0.0,0.0,ul_bitrate
cell_x_dl_retx_90,-1.0,0.0,0.0,cell_x_dl_retx
cell_x_dl_tx_90,-1.0,0.0,0.0,cell_x_dl_tx
cell_x_ul_retx_90,-1.0,0.0,0.0,cell_x_ul_retx
cell_x_ul_tx_90,-1.0,0.0,0.0,cell_x_ul_tx
ul_total_bytes_non_incr_90,444099.0,0.0,0.0,ul_total_bytes_non_incr
dl_total_bytes_non_incr_90,1237296.0,0.0,0.0,dl_total_bytes_non_incr
dl_bitrate_91,2118359.0,0.0,0.0,dl_bitrate
ul_bitrate_91,931084.0,0.0,0.0,ul_bitrate
cell_x_dl_retx_91,-1.0,0.0,0.0,cell_x_dl_retx
cell_x_dl_tx_91,-1.0,0.0,0.0,cell_x_dl_tx
cell_x_ul_retx_91,-1.0,0.0,0.0,cell_x_ul_retx
cell_x_ul_tx_91,-1.0,0.0,0.0,cell_x_ul_tx
ul_total_bytes_non_incr_91,539257.0,0.0,0.0,ul_total_bytes_non_incr
dl_total_bytes_non_incr_91,1328265.0,0.0,0.0,dl_total_bytes_non_incr
dl_bitrate_92,3933096.0,0.0,0.0,dl_bitrate
ul_bitrate_92,633211.0,0.0,0.0,ul_bitrate
cell_x_dl_retx_92,-1.0,0.0,0.0,cell_x_dl_retx
cell_x_dl_tx_92,-1.0,0.0,0.0,cell_x_dl_tx
cell_x_ul_retx_92,-1.0,0.0,0.0,cell_x_ul_retx
cell_x_ul_tx_92,-1.0,0.0,0.0,cell_x_ul_tx
ul_total_bytes_non_incr_92,369809.0,0.0,0.0,ul_total_bytes_non_incr
dl_total_bytes_non_incr_92,2441658.0,0.0,0.0,dl_total_bytes_non_incr
dl_bitrate_93,2244744.0,0.0,0.0,dl_bitrate
ul_bitrate_93,141055.0,0.0,0.0,ul_bitrate
cell_x_dl_retx_93,-1.0,0.0,0.0,cell_x_dl_retx
cell_x_dl_tx_93,-1.0,0.0,0.0,cell_x_dl_tx
cell_x_ul_retx_93,-1.0,0.0,0.0,cell_x_ul_retx
cell_x_ul_tx_93,-1.0,0.0,0.0,cell_x_ul_tx
ul_total_bytes_non_incr_93,68372.0,0.0,0.0,ul_total_bytes_non_incr
dl_total_bytes_non_incr_93,1404311.0,0.0,0.0,dl_total_bytes_non_incr
dl_bitrate_94,3874820.0,0.0,0.0,dl_bitrate
ul_bitrate_94,146850.0,0.0,0.0,ul_bitrate
cell_x_dl_retx_94,-1.0,0.0,0.0,cell_x_dl_retx
cell_x_dl_tx_94,-1.0,0.0,0.0,cell_x_dl_tx
cell_x_ul_retx_94,-1.0,0.0,0.0,cell_x_ul_retx
cell_x_ul_tx_94,-1.0,0.0,0.0,cell_x_ul_tx
ul_total_bytes_non_incr_94,71645.0,0.0,0.0,ul_total_bytes_non_incr
dl_total_bytes_non_incr_94,2356535.0,0.0,0.0,dl_total_bytes_non_incr
dl_bitrate_95,3795869.0,0.0,0.0,dl_bitrate
ul_bitrate_95,813140.0,0.0,0.0,ul_bitrate
cell_x_dl_retx_95,-1.0,0.0,0.0,cell_x_dl_retx
cell_x_dl_tx_95,-1.0,0.0,0.0,cell_x_dl_tx
cell_x_ul_retx_95,-1.0,0.0,0.0,cell_x_ul_retx
cell_x_ul_tx_95,-1.0,0.0,0.0,cell_x_ul_tx
ul_total_bytes_non_incr_95,467867.0,0.0,0.0,ul_total_bytes_non_incr
dl_total_bytes_non_incr_95,2454864.0,0.0,0.0,dl_total_bytes_non_incr
dl_bitrate_96,2114929.0,0.0,0.0,dl_bitrate
ul_bitrate_96,925762.0,0.0,0.0,ul_bitrate
cell_x_dl_retx_96,-1.0,0.0,0.0,cell_x_dl_retx
cell_x_dl_tx_96,-1.0,0.0,0.0,cell_x_dl_tx
cell_x_ul_retx_96,-1.0,0.0,0.0,cell_x_ul_retx
cell_x_ul_tx_96,-1.0,0.0,0.0,cell_x_ul_tx
ul_total_bytes_non_incr_96,100.0,0.0,0.0,ul_total_bytes_non_incr
dl_total_bytes_non_incr_96,92.0,0.0,0.0,dl_total_bytes_non_incr
dl_bitrate_97,2188016.0,0.0,0.0,dl_bitrate
ul_bitrate_97,869918.0,0.0,0.0,ul_bitrate
cell_x_dl_retx_97,-1.0,0.0,0.0,cell_x_dl_retx
cell_x_dl_tx_97,-1.0,0.0,0.0,cell_x_dl_tx
cell_x_ul_retx_97,-1.0,0.0,0.0,cell_x_ul_retx
cell_x_ul_tx_97,-1.0,0.0,0.0,cell_x_ul_tx
ul_total_bytes_non_incr_97,502099.0,0.0,0.0,ul_total_bytes_non_incr
dl_total_bytes_non_incr_97,1335170.0,0.0,0.0,dl_total_bytes_non_incr
dl_bitrate_98,2274168.0,0.0,0.0,dl_bitrate
ul_bitrate_98,771790.0,0.0,0.0,ul_bitrate
cell_x_dl_retx_98,-1.0,0.0,0.0,cell_x_dl_retx
cell_x_dl_tx_98,-1.0,0.0,0.0,cell_x_dl_tx
cell_x_ul_retx_98,-1.0,0.0,0.0,cell_x_ul_retx
cell_x_ul_tx_98,-1.0,0.0,0.0,cell_x_ul_tx
ul_total_bytes_non_incr_98,445115.0,0.0,0.0,ul_total_bytes_non_incr
dl_total_bytes_non_incr_98,1326670.0,0.0,0.0,dl_total_bytes_non_incr
dl_bitrate_99,3737491.0,0.0,0.0,dl_bitrate
ul_bitrate_99,144261.0,0.0,0.0,ul_bitrate
cell_x_dl_retx_99,-1.0,0.0,0.0,cell_x_dl_retx
cell_x_dl_tx_99,-1.0,0.0,0.0,cell_x_dl_tx
cell_x_ul_retx_99,-1.0,0.0,0.0,cell_x_ul_retx
cell_x_ul_tx_99,-1.0,0.0,0.0,cell_x_ul_tx
ul_total_bytes_non_incr_99,70336.0,0.0,0.0,ul_total_bytes_non_incr
dl_total_bytes_non_incr_99,2431164.0,0.0,0.0,dl_total_bytes_non_incr
dl_bitrate_100,2281785.0,0.0,0.0,dl_bitrate
ul_bitrate_100,142813.0,0.0,0.0,ul_bitrate
cell_x_dl_retx_100,-1.0,0.0,0.0,cell_x_dl_retx
cell_x_dl_tx_100,-1.0,0.0,0.0,cell_x_dl_tx
cell_x_ul_retx_100,-1.0,0.0,0.0,cell_x_ul_retx
cell_x_ul_tx_100,-1.0,0.0,0.0,cell_x_ul_tx
ul_total_bytes_non_incr_100,68849.0,0.0,0.0,ul_total_bytes_non_incr
dl_total_bytes_non_incr_100,1395409.0,0.0,0.0,dl_total_bytes_non_incr
dl_bitrate_101,5252591.0,0.0,0.0,dl_bitrate
ul_bitrate_101,570927.0,0.0,0.0,ul_bitrate
cell_x_dl_retx_101,-1.0,0.0,0.0,cell_x_dl_retx
cell_x_dl_tx_101,-1.0,0.0,0.0,cell_x_dl_tx
cell_x_ul_retx_101,-1.0,0.0,0.0,cell_x_ul_retx
cell_x_ul_tx_101,-1.0,0.0,0.0,cell_x_ul_tx
ul_total_bytes_non_incr_101,333614.0,0.0,0.0,ul_total_bytes_non_incr
dl_bitrate_102,2101147.0,0.0,0.0,dl_bitrate
ul_bitrate_102,801953.0,0.0,0.0,ul_bitrate
cell_x_dl_retx_102,-1.0,0.0,0.0,cell_x_dl_retx
cell_x_dl_tx_102,-1.0,0.0,0.0,cell_x_dl_tx
cell_x_ul_retx_102,-1.0,0.0,0.0,cell_x_ul_retx
cell_x_ul_tx_102,-1.0,0.0,0.0,cell_x_ul_tx
ul_total_bytes_non_incr_102,467901.0,0.0,0.0,ul_total_bytes_non_incr
dl_total_bytes_non_incr_102,1259243.0,0.0,0.0,dl_total_bytes_non_incr
dl_bitrate_103,2119089.0,0.0,0.0,dl_bitrate
ul_bitrate_103,919937.0,0.0,0.0,ul_bitrate
cell_x_dl_retx_103,-1.0,0.0,0.0,cell_x_dl_retx
cell_x_dl_tx_103,-1.0,0.0,0.0,cell_x_dl_tx
cell_x_ul_retx_103,-1.0,0.0,0.0,cell_x_ul_retx
cell_x_ul_tx_103,-1.0,0.0,0.0,cell_x_ul_tx
ul_total_bytes_non_incr_103,531697.0,0.0,0.0,ul_total_bytes_non_incr
dl_total_bytes_non_incr_103,1344401.0,0.0,0.0,dl_total_bytes_non_incr
dl_bitrate_104,2251992.0,0.0,0.0,dl_bitrate
ul_bitrate_104,895912.0,0.0,0.0,ul_bitrate
cell_x_dl_retx_104,-1.0,0.0,0.0,cell_x_dl_retx
cell_x_dl_tx_104,-1.0,0.0,0.0,cell_x_dl_tx
cell_x_ul_retx_104,-1.0,0.0,0.0,cell_x_ul_retx
cell_x_ul_tx_104,-1.0,0.0,0.0,cell_x_ul_tx
ul_total_bytes_non_incr_104,515022.0,0.0,0.0,ul_total_bytes_non_incr
dl_total_bytes_non_incr_104,1351735.0,0.0,0.0,dl_total_bytes_non_incr
dl_bitrate_105,3808224.0,0.0,0.0,dl_bitrate
ul_bitrate_105,292262.0,0.0,0.0,ul_bitrate
cell_x_dl_retx_105,-1.0,0.0,0.0,cell_x_dl_retx
cell_x_dl_tx_105,-1.0,0.0,0.0,cell_x_dl_tx
cell_x_ul_retx_105,-1.0,0.0,0.0,cell_x_ul_retx
cell_x_ul_tx_105,-1.0,0.0,0.0,cell_x_ul_tx
ul_total_bytes_non_incr_105,158589.0,0.0,0.0,ul_total_bytes_non_incr
dl_total_bytes_non_incr_105,2428663.0,0.0,0.0,dl_total_bytes_non_incr
dl_bitrate_106,2257049.0,0.0,0.0,dl_bitrate
ul_bitrate_106,135108.0,0.0,0.0,ul_bitrate
cell_x_dl_retx_106,-1.0,0.0,0.0,cell_x_dl_retx
cell_x_dl_tx_106,-1.0,0.0,0.0,cell_x_dl_tx
cell_x_ul_retx_106,-1.0,0.0,0.0,cell_x_ul_retx
cell_x_ul_tx_106,-1.0,0.0,0.0,cell_x_ul_tx
ul_total_bytes_non_incr_106,66430.0,0.0,0.0,ul_total_bytes_non_incr
dl_total_bytes_non_incr_106,1381708.0,0.0,0.0,dl_total_bytes_non_incr
ul_bitrate_107,388806.0,0.0,0.0,ul_bitrate
cell_x_dl_retx_107,-1.0,0.0,0.0,cell_x_dl_retx
cell_x_dl_tx_107,-1.0,0.0,0.0,cell_x_dl_tx
cell_x_ul_retx_107,-1.0,0.0,0.0,cell_x_ul_retx
cell_x_ul_tx_107,-1.0,0.0,0.0,cell_x_ul_tx
ul_total_bytes_non_incr_107,221804.0,0.0,0.0,ul_total_bytes_non_incr
dl_total_bytes_non_incr_107,3399961.0,0.0,0.0,dl_total_bytes_non_incr
dl_bitrate_108,2216518.0,0.0,0.0,dl_bitrate
ul_bitrate_108,880163.0,0.0,0.0,ul_bitrate
cell_x_dl_retx_108,-1.0,0.0,0.0,cell_x_dl_retx
cell_x_dl_tx_108,-1.0,0.0,0.0,cell_x_dl_tx
cell_x_ul_retx_108,-1.0,0.0,0.0,cell_x_ul_retx
cell_x_ul_tx_108,-1.0,0.0,0.0,cell_x_ul_tx
ul_total_bytes_non_incr_108,507761.0,0.0,0.0,ul_total_bytes_non_incr
dl_total_bytes_non_incr_108,1392640.0,0.0,0.0,dl_total_bytes_non_incr
dl_bitrate_109,2113138.0,0.0,0.0,dl_bitrate
ul_bitrate_109,914808.0,0.0,0.0,ul_bitrate
cell_x_dl_retx_109,-1.0,0.0,0.0,cell_x_dl_retx
cell_x_dl_tx_109,-1.0,0.0,0.0,cell_x_dl_tx
cell_x_ul_retx_109,-1.0,0.0,0.0,cell_x_ul_retx
cell_x_ul_tx_109,-1.0,0.0,0.0,cell_x_ul_tx
ul_total_bytes_non_incr_109,524769.0,0.0,0.0,ul_total_bytes_non_incr
dl_total_bytes_non_incr_109,1303753.0,0.0,0.0,dl_total_bytes_non_incr
dl_bitrate_110,2102296.0,0.0,0.0,dl_bitrate
ul_bitrate_110,800707.0,0.0,0.0,ul_bitrate
cell_x_dl_retx_110,-1.0,0.0,0.0,cell_x_dl_retx
cell_x_dl_tx_110,-1.0,0.0,0.0,cell_x_dl_tx
cell_x_ul_retx_110,-1.0,0.0,0.0,cell_x_ul_retx
cell_x_ul_tx_110,-1.0,0.0,0.0,cell_x_ul_tx
ul_total_bytes_non_incr_110,468269.0,0.0,0.0,ul_total_bytes_non_incr
dl_total_bytes_non_incr_110,1297715.0,0.0,0.0,dl_total_bytes_non_incr
dl_bitrate_111,3629901.0,0.0,0.0,dl_bitrate
ul_bitrate_111,492932.0,0.0,0.0,ul_bitrate
cell_x_dl_retx_111,-1.0,0.0,0.0,cell_x_dl_retx
cell_x_dl_tx_111,-1.0,0.0,0.0,cell_x_dl_tx
cell_x_ul_retx_111,-1.0,0.0,0.0,cell_x_ul_retx
cell_x_ul_tx_111,-1.0,0.0,0.0,cell_x_ul_tx
ul_total_bytes_non_incr_111,293742.0,0.0,0.0,ul_total_bytes_non_incr
dl_total_bytes_non_incr_111,2266706.0,0.0,0.0,dl_total_bytes_non_incr
dl_bitrate_112,2226995.0,0.0,0.0,dl_bitrate
ul_bitrate_112,138555.0,0.0,0.0,ul_bitrate
cell_x_dl_retx_112,-1.0,0.0,0.0,cell_x_dl_retx
cell_x_dl_tx_112,-1.0,0.0,0.0,cell_x_dl_tx
cell_x_ul_retx_112,-1.0,0.0,0.0,cell_x_ul_retx
cell_x_ul_tx_112,-1.0,0.0,0.0,cell_x_ul_tx
ul_total_bytes_non_incr_112,67262.0,0.0,0.0,ul_total_bytes_non_incr
dl_total_bytes_non_incr_112,1382448.0,0.0,0.0,dl_total_bytes_non_incr
dl_bitrate_113,5644534.0,0.0,0.0,dl_bitrate
ul_bitrate_113,185316.0,0.0,0.0,ul_bitrate
cell_x_dl_retx_113,-1.0,0.0,0.0,cell_x_dl_retx
cell_x_dl_tx_113,-1.0,0.0,0.0,cell_x_dl_tx
cell_x_ul_retx_113,-1.0,0.0,0.0,cell_x_ul_retx
cell_x_ul_tx_113,-1.0,0.0,0.0,cell_x_ul_tx
ul_total_bytes_non_incr_113,86755.0,0.0,0.0,ul_total_bytes_non_incr
dl_total_bytes_non_incr_113,3553474.0,0.0,0.0,dl_total_bytes_non_incr
dl_bitrate_114,2103590.0,0.0,0.0,dl_bitrate
ul_bitrate_114,839330.0,0.0,0.0,ul_bitrate
cell_x_dl_retx_114,-1.0,0.0,0.0,cell_x_dl_retx
cell_x_dl_tx_114,-1.0,0.0,0.0,cell_x_dl_tx
cell_x_ul_retx_114,-1.0,0.0,0.0,cell_x_ul_retx
cell_x_ul_tx_114,-1.0,0.0,0.0,cell_x_ul_tx
ul_total_bytes_non_incr_114,491161.0,0.0,0.0,ul_total_bytes_non_incr
dl_total_bytes_non_incr_114,1301200.0,0.0,0.0,dl_total_bytes_non_incr
dl_bitrate_115,2423048.0,0.0,0.0,dl_bitrate
ul_bitrate_115,1087146.0,0.0,0.0,ul_bitrate
cell_x_dl_retx_115,-1.0,0.0,0.0,cell_x_dl_retx
cell_x_dl_tx_115,-1.0,0.0,0.0,cell_x_dl_tx
cell_x_ul_retx_115,-1.0,0.0,0.0,cell_x_ul_retx
cell_x_ul_tx_115,-1.0,0.0,0.0,cell_x_ul_tx
ul_total_bytes_non_incr_115,610096.0,0.0,0.0,ul_total_bytes_non_incr
dl_total_bytes_non_incr_115,1483328.0,0.0,0.0,dl_total_bytes_non_incr
dl_bitrate_116,2485206.0,0.0,0.0,dl_bitrate
ul_bitrate_116,1027254.0,0.0,0.0,ul_bitrate
cell_x_dl_retx_116,-1.0,0.0,0.0,cell_x_dl_retx
cell_x_dl_tx_116,-1.0,0.0,0.0,cell_x_dl_tx
cell_x_ul_retx_116,-1.0,0.0,0.0,cell_x_ul_retx
cell_x_ul_tx_116,-1.0,0.0,0.0,cell_x_ul_tx
ul_total_bytes_non_incr_116,569525.0,0.0,0.0,ul_total_bytes_non_incr
dl_total_bytes_non_incr_116,1552176.0,0.0,0.0,dl_total_bytes_non_incr
dl_bitrate_117,3702805.0,0.0,0.0,dl_bitrate
ul_bitrate_117,502245.0,0.0,0.0,ul_bitrate
cell_x_dl_retx_117,-1.0,0.0,0.0,cell_x_dl_retx
cell_x_dl_tx_117,-1.0,0.0,0.0,cell_x_dl_tx
cell_x_ul_retx_117,-1.0,0.0,0.0,cell_x_ul_retx
cell_x_ul_tx_117,-1.0,0.0,0.0,cell_x_ul_tx
ul_total_bytes_non_incr_117,292839.0,0.0,0.0,ul_total_bytes_non_incr
dl_total_bytes_non_incr_117,2293403.0,0.0,0.0,dl_total_bytes_non_incr
dl_bitrate_118,2253291.0,0.0,0.0,dl_bitrate
ul_bitrate_118,140599.0,0.0,0.0,ul_bitrate
cell_x_dl_retx_118,-1.0,0.0,0.0,cell_x_dl_retx
cell_x_dl_tx_118,-1.0,0.0,0.0,cell_x_dl_tx
cell_x_ul_retx_118,-1.0,0.0,0.0,cell_x_ul_retx
cell_x_ul_tx_118,-1.0,0.0,0.0,cell_x_ul_tx
ul_total_bytes_non_incr_118,68496.0,0.0,0.0,ul_total_bytes_non_incr
dl_total_bytes_non_incr_118,1404451.0,0.0,0.0,dl_total_bytes_non_incr
dl_bitrate_119,5581651.0,0.0,0.0,dl_bitrate
ul_bitrate_119,174400.0,0.0,0.0,ul_bitrate
cell_x_dl_retx_119,-1.0,0.0,0.0,cell_x_dl_retx
cell_x_dl_tx_119,-1.0,0.0,0.0,cell_x_dl_tx
cell_x_ul_retx_119,-1.0,0.0,0.0,cell_x_ul_retx
cell_x_ul_tx_119,-1.0,0.0,0.0,cell_x_ul_tx
ul_total_bytes_non_incr_119,83024.0,0.0,0.0,ul_total_bytes_non_incr
dl_total_bytes_non_incr_119,3529838.0,0.0,0.0,dl_total_bytes_non_incr
dl_bitrate_120,2115002.0,0.0,0.0,dl_bitrate
ul_bitrate_120,906635.0,0.0,0.0,ul_bitrate
cell_x_dl_retx_120,-1.0,0.0,0.0,cell_x_dl_retx
cell_x_dl_tx_120,-1.0,0.0,0.0,cell_x_dl_tx
cell_x_ul_retx_120,-1.0,0.0,0.0,cell_x_ul_retx
cell_x_ul_tx_120,-1.0,0.0,0.0,cell_x_ul_tx
ul_total_bytes_non_incr_120,529477.0,0.0,0.0,ul_total_bytes_non_incr
dl_total_bytes_non_incr_120,1304569.0,0.0,0.0,dl_total_bytes_non_incr
extra_feature_0,0.0,0.0,0.0,other
extra_feature_1,0.0,0.0,0.0,other
extra_feature_2,0.0,0.0,0.0,other
